"0","#Parametros de la NIG"
"0","  NIG<-nigFit(retornos$STI)"
"1","
 Objective Function Value:  "
"1"," "
"1","-6911.37"
"1","
 Parameter Estimates:       "
"1"," "
"1","1"
"1"," "
"1","0"
"1"," "
"1","1"
"1"," "
"1","0"
"1"," "
"1","
"
"1","
 Objective Function Value:  "
"1"," "
"1","-6911.37"
"1","
 Parameter Estimates:       "
"1"," "
"1","1"
"1"," "
"1","0"
"1"," "
"1","1"
"1"," "
"1","0"
"1"," "
"1","
"
"1","
 Objective Function Value:  "
"1"," "
"1","-6911.37"
"1","
 Parameter Estimates:       "
"1"," "
"1","1"
"1"," "
"1","1.490116e-08"
"1"," "
"1","1"
"1"," "
"1","0"
"1"," "
"1","
"
"1","
 Objective Function Value:  "
"1"," "
"1","-6911.37"
"1","
 Parameter Estimates:       "
"1"," "
"1","1"
"1"," "
"1","0"
"1"," "
"1","1"
"1"," "
"1","0"
"1"," "
"1","
"
"1","
 Objective Function Value:  "
"1"," "
"1","-6911.37"
"1","
 Parameter Estimates:       "
"1"," "
"1","1"
"1"," "
"1","0"
"1"," "
"1","1"
"1"," "
"1","1.490116e-08"
"1"," "
"1","
"
"1","
 Objective Function Value:  "
"1"," "
"1","-13356.61"
"1","
 Parameter Estimates:       "
"1"," "
"1","1.257695"
"1"," "
"1","0.0608295"
"1"," "
"1","0.1094574"
"1"," "
"1","0.3699016"
"1"," "
"1","
"
"1","
 Objective Function Value:  "
"1"," "
"1","-6890.906"
"1","
 Parameter Estimates:       "
"1"," "
"1","1.025769"
"1"," "
"1","0.00608295"
"1"," "
"1","0.9109457"
"1"," "
"1","0.03699016"
"1"," "
"1","
"
"1","
 Objective Function Value:  "
"1"," "
"1","-6890.901"
"1","
 Parameter Estimates:       "
"1"," "
"1","1.025691"
"1"," "
"1","0.00608295"
"1"," "
"1","0.9109457"
"1"," "
"1","0.03699016"
"1"," "
"1","
"
"1","
 Objective Function Value:  "
"1"," "
"1","-6890.89"
"1","
 Parameter Estimates:       "
"1"," "
"1","1.025769"
"1"," "
"1","0.006004717"
"1"," "
"1","0.9109457"
"1"," "
"1","0.03699016"
"1"," "
"1","
"
"1","
 Objective Function Value:  "
"1"," "
"1","-6890.916"
"1","
 Parameter Estimates:       "
"1"," "
"1","1.025769"
"1"," "
"1","0.00608295"
"1"," "
"1","0.911024"
"1"," "
"1","0.03699016"
"1"," "
"1","
"
"1","
 Objective Function Value:  "
"1"," "
"1","-6890.891"
"1","
 Parameter Estimates:       "
"1"," "
"1","1.025769"
"1"," "
"1","0.00608295"
"1"," "
"1","0.9109457"
"1"," "
"1","0.03691193"
"1"," "
"1","
"
"1","
 Objective Function Value:  "
"1"," "
"1","-6907.954"
"1","
 Parameter Estimates:       "
"1"," "
"1","1.008674"
"1"," "
"1","-0.05981535"
"1"," "
"1","0.8688008"
"1"," "
"1","-0.02291775"
"1"," "
"1","
"
"1","
 Objective Function Value:  "
"1"," "
"1","-6886.023"
"1","
 Parameter Estimates:       "
"1"," "
"1","1.020298"
"1"," "
"1","-0.01500734"
"1"," "
"1","0.8974575"
"1"," "
"1","0.01781705"
"1"," "
"1","
"
"1","
 Objective Function Value:  "
"1"," "
"1","-6886.024"
"1","
 Parameter Estimates:       "
"1"," "
"1","1.020301"
"1"," "
"1","-0.01500734"
"1"," "
"1","0.8974575"
"1"," "
"1","0.01781705"
"1"," "
"1","
"
"1","
 Objective Function Value:  "
"1"," "
"1","-6886.023"
"1","
 Parameter Estimates:       "
"1"," "
"1","1.020298"
"1"," "
"1","-0.01500525"
"1"," "
"1","0.8974575"
"1"," "
"1","0.01781705"
"1"," "
"1","
"
"1","
 Objective Function Value:  "
"1"," "
"1","-6886.024"
"1","
 Parameter Estimates:       "
"1"," "
"1","1.020298"
"1"," "
"1","-0.01500734"
"1"," "
"1","0.8974598"
"1"," "
"1","0.01781705"
"1"," "
"1","
"
"1","
 Objective Function Value:  "
"1"," "
"1","-6886.023"
"1","
 Parameter Estimates:       "
"1"," "
"1","1.020298"
"1"," "
"1","-0.01500734"
"1"," "
"1","0.8974575"
"1"," "
"1","0.0178185"
"1"," "
"1","
"
"1","
 Objective Function Value:  "
"1"," "
"1","-6882.925"
"1","
 Parameter Estimates:       "
"1"," "
"1","1.006843"
"1"," "
"1","-0.01532557"
"1"," "
"1","0.875601"
"1"," "
"1","0.03693333"
"1"," "
"1","
"
"1","
 Objective Function Value:  "
"1"," "
"1","-6882.926"
"1","
 Parameter Estimates:       "
"1"," "
"1","1.006863"
"1"," "
"1","-0.01532557"
"1"," "
"1","0.875601"
"1"," "
"1","0.03693333"
"1"," "
"1","
"
"1","
 Objective Function Value:  "
"1"," "
"1","-6882.925"
"1","
 Parameter Estimates:       "
"1"," "
"1","1.006843"
"1"," "
"1","-0.01532456"
"1"," "
"1","0.875601"
"1"," "
"1","0.03693333"
"1"," "
"1","
"
"1","
 Objective Function Value:  "
"1"," "
"1","-6882.925"
"1","
 Parameter Estimates:       "
"1"," "
"1","1.006843"
"1"," "
"1","-0.01532658"
"1"," "
"1","0.875601"
"1"," "
"1","0.03693333"
"1"," "
"1","
"
"1","
 Objective Function Value:  "
"1"," "
"1","-6882.926"
"1","
 Parameter Estimates:       "
"1"," "
"1","1.006843"
"1"," "
"1","-0.01532557"
"1"," "
"1","0.875611"
"1"," "
"1","0.03693333"
"1"," "
"1","
"
"1","
 Objective Function Value:  "
"1"," "
"1","-6882.925"
"1","
 Parameter Estimates:       "
"1"," "
"1","1.006843"
"1"," "
"1","-0.01532557"
"1"," "
"1","0.875601"
"1"," "
"1","0.03693244"
"1"," "
"1","
"
"1","
 Objective Function Value:  "
"1"," "
"1","-6878.03"
"1","
 Parameter Estimates:       "
"1"," "
"1","0.9600661"
"1"," "
"1","-0.04739377"
"1"," "
"1","0.847574"
"1"," "
"1","0.0271807"
"1"," "
"1","
"
"1","
 Objective Function Value:  "
"1"," "
"1","-6878.031"
"1","
 Parameter Estimates:       "
"1"," "
"1","0.9600742"
"1"," "
"1","-0.04739377"
"1"," "
"1","0.847574"
"1"," "
"1","0.0271807"
"1"," "
"1","
"
"1","
 Objective Function Value:  "
"1"," "
"1","-6878.03"
"1","
 Parameter Estimates:       "
"1"," "
"1","0.9600661"
"1"," "
"1","-0.04739229"
"1"," "
"1","0.847574"
"1"," "
"1","0.0271807"
"1"," "
"1","
"
"1","
 Objective Function Value:  "
"1"," "
"1","-6878.031"
"1","
 Parameter Estimates:       "
"1"," "
"1","0.9600661"
"1"," "
"1","-0.04739377"
"1"," "
"1","0.8475782"
"1"," "
"1","0.0271807"
"1"," "
"1","
"
"1","
 Objective Function Value:  "
"1"," "
"1","-6878.03"
"1","
 Parameter Estimates:       "
"1"," "
"1","0.9600661"
"1"," "
"1","-0.04739377"
"1"," "
"1","0.847574"
"1"," "
"1","0.02718162"
"1"," "
"1","
"
"1","
 Objective Function Value:  "
"1"," "
"1","-6869.915"
"1","
 Parameter Estimates:       "
"1"," "
"1","0.8423054"
"1"," "
"1","-0.04515843"
"1"," "
"1","0.8119502"
"1"," "
"1","0.06249021"
"1"," "
"1","
"
"1","
 Objective Function Value:  "
"1"," "
"1","-6869.915"
"1","
 Parameter Estimates:       "
"1"," "
"1","0.8423216"
"1"," "
"1","-0.04515843"
"1"," "
"1","0.8119502"
"1"," "
"1","0.06249021"
"1"," "
"1","
"
"1","
 Objective Function Value:  "
"1"," "
"1","-6869.915"
"1","
 Parameter Estimates:       "
"1"," "
"1","0.8423054"
"1"," "
"1","-0.04515964"
"1"," "
"1","0.8119502"
"1"," "
"1","0.06249021"
"1"," "
"1","
"
"1","
 Objective Function Value:  "
"1"," "
"1","-6869.921"
"1","
 Parameter Estimates:       "
"1"," "
"1","0.8423054"
"1"," "
"1","-0.04515843"
"1"," "
"1","0.8119907"
"1"," "
"1","0.06249021"
"1"," "
"1","
"
"1","
 Objective Function Value:  "
"1"," "
"1","-6869.915"
"1","
 Parameter Estimates:       "
"1"," "
"1","0.8423054"
"1"," "
"1","-0.04515843"
"1"," "
"1","0.8119502"
"1"," "
"1","0.06248926"
"1"," "
"1","
"
"1","
 Objective Function Value:  "
"1"," "
"1","-6867.546"
"1","
 Parameter Estimates:       "
"1"," "
"1","0.7925667"
"1"," "
"1","-0.01354312"
"1"," "
"1","0.7067822"
"1"," "
"1","0.01942486"
"1"," "
"1","
"
"1","
 Objective Function Value:  "
"1"," "
"1","-6867.546"
"1","
 Parameter Estimates:       "
"1"," "
"1","0.7925627"
"1"," "
"1","-0.01354312"
"1"," "
"1","0.7067822"
"1"," "
"1","0.01942486"
"1"," "
"1","
"
"1","
 Objective Function Value:  "
"1"," "
"1","-6867.546"
"1","
 Parameter Estimates:       "
"1"," "
"1","0.7925667"
"1"," "
"1","-0.01354123"
"1"," "
"1","0.7067822"
"1"," "
"1","0.01942486"
"1"," "
"1","
"
"1","
 Objective Function Value:  "
"1"," "
"1","-6867.546"
"1","
 Parameter Estimates:       "
"1"," "
"1","0.7925667"
"1"," "
"1","-0.01354312"
"1"," "
"1","0.7067864"
"1"," "
"1","0.01942486"
"1"," "
"1","
"
"1","
 Objective Function Value:  "
"1"," "
"1","-6867.546"
"1","
 Parameter Estimates:       "
"1"," "
"1","0.7925667"
"1"," "
"1","-0.01354312"
"1"," "
"1","0.7067822"
"1"," "
"1","0.01942593"
"1"," "
"1","
"
"1","
 Objective Function Value:  "
"1"," "
"1","-6870.035"
"1","
 Parameter Estimates:       "
"1"," "
"1","0.6795816"
"1"," "
"1","-0.06991269"
"1"," "
"1","0.7230981"
"1"," "
"1","0.03280523"
"1"," "
"1","
"
"1","
 Objective Function Value:  "
"1"," "
"1","-6862.931"
"1","
 Parameter Estimates:       "
"1"," "
"1","0.7551389"
"1"," "
"1","-0.02462515"
"1"," "
"1","0.7410272"
"1"," "
"1","0.0401371"
"1"," "
"1","
"
"1","
 Objective Function Value:  "
"1"," "
"1","-6862.931"
"1","
 Parameter Estimates:       "
"1"," "
"1","0.7551426"
"1"," "
"1","-0.02462515"
"1"," "
"1","0.7410272"
"1"," "
"1","0.0401371"
"1"," "
"1","
"
"1","
 Objective Function Value:  "
"1"," "
"1","-6862.932"
"1","
 Parameter Estimates:       "
"1"," "
"1","0.7551389"
"1"," "
"1","-0.02461785"
"1"," "
"1","0.7410272"
"1"," "
"1","0.0401371"
"1"," "
"1","
"
"1","
 Objective Function Value:  "
"1"," "
"1","-6862.931"
"1","
 Parameter Estimates:       "
"1"," "
"1","0.7551389"
"1"," "
"1","-0.02462515"
"1"," "
"1","0.7410258"
"1"," "
"1","0.0401371"
"1"," "
"1","
"
"1","
 Objective Function Value:  "
"1"," "
"1","-6862.931"
"1","
 Parameter Estimates:       "
"1"," "
"1","0.7551389"
"1"," "
"1","-0.02462515"
"1"," "
"1","0.7410272"
"1"," "
"1","0.04013505"
"1"," "
"1","
"
"1","
 Objective Function Value:  "
"1"," "
"1","-6864.821"
"1","
 Parameter Estimates:       "
"1"," "
"1","0.7601258"
"1"," "
"1","-0.07740498"
"1"," "
"1","0.7247546"
"1"," "
"1","0.04720768"
"1"," "
"1","
"
"1","
 Objective Function Value:  "
"1"," "
"1","-6862.653"
"1","
 Parameter Estimates:       "
"1"," "
"1","0.7567158"
"1"," "
"1","-0.03708769"
"1"," "
"1","0.7293643"
"1"," "
"1","0.03226085"
"1"," "
"1","
"
"1","
 Objective Function Value:  "
"1"," "
"1","-6862.653"
"1","
 Parameter Estimates:       "
"1"," "
"1","0.7567133"
"1"," "
"1","-0.03708769"
"1"," "
"1","0.7293643"
"1"," "
"1","0.03226085"
"1"," "
"1","
"
"1","
 Objective Function Value:  "
"1"," "
"1","-6862.652"
"1","
 Parameter Estimates:       "
"1"," "
"1","0.7567158"
"1"," "
"1","-0.03708132"
"1"," "
"1","0.7293643"
"1"," "
"1","0.03226085"
"1"," "
"1","
"
"1","
 Objective Function Value:  "
"1"," "
"1","-6862.653"
"1","
 Parameter Estimates:       "
"1"," "
"1","0.7567158"
"1"," "
"1","-0.03708769"
"1"," "
"1","0.7293656"
"1"," "
"1","0.03226085"
"1"," "
"1","
"
"1","
 Objective Function Value:  "
"1"," "
"1","-6862.652"
"1","
 Parameter Estimates:       "
"1"," "
"1","0.7567158"
"1"," "
"1","-0.03708769"
"1"," "
"1","0.7293643"
"1"," "
"1","0.03226303"
"1"," "
"1","
"
"1","
 Objective Function Value:  "
"1"," "
"1","-6862.242"
"1","
 Parameter Estimates:       "
"1"," "
"1","0.7580737"
"1"," "
"1","-0.04083157"
"1"," "
"1","0.726485"
"1"," "
"1","0.05047375"
"1"," "
"1","
"
"1","
 Objective Function Value:  "
"1"," "
"1","-6862.242"
"1","
 Parameter Estimates:       "
"1"," "
"1","0.7580799"
"1"," "
"1","-0.04083157"
"1"," "
"1","0.726485"
"1"," "
"1","0.05047375"
"1"," "
"1","
"
"1","
 Objective Function Value:  "
"1"," "
"1","-6862.242"
"1","
 Parameter Estimates:       "
"1"," "
"1","0.7580737"
"1"," "
"1","-0.04083287"
"1"," "
"1","0.726485"
"1"," "
"1","0.05047375"
"1"," "
"1","
"
"1","
 Objective Function Value:  "
"1"," "
"1","-6862.242"
"1","
 Parameter Estimates:       "
"1"," "
"1","0.7580737"
"1"," "
"1","-0.04083157"
"1"," "
"1","0.7264879"
"1"," "
"1","0.05047375"
"1"," "
"1","
"
"1","
 Objective Function Value:  "
"1"," "
"1","-6862.242"
"1","
 Parameter Estimates:       "
"1"," "
"1","0.7580737"
"1"," "
"1","-0.04083157"
"1"," "
"1","0.726485"
"1"," "
"1","0.05047277"
"1"," "
"1","
"
"1","
 Objective Function Value:  "
"1"," "
"1","-6861.88"
"1","
 Parameter Estimates:       "
"1"," "
"1","0.7404017"
"1"," "
"1","-0.04426022"
"1"," "
"1","0.7229134"
"1"," "
"1","0.04610938"
"1"," "
"1","
"
"1","
 Objective Function Value:  "
"1"," "
"1","-6861.88"
"1","
 Parameter Estimates:       "
"1"," "
"1","0.7404154"
"1"," "
"1","-0.04426022"
"1"," "
"1","0.7229134"
"1"," "
"1","0.04610938"
"1"," "
"1","
"
"1","
 Objective Function Value:  "
"1"," "
"1","-6861.88"
"1","
 Parameter Estimates:       "
"1"," "
"1","0.7404017"
"1"," "
"1","-0.04425865"
"1"," "
"1","0.7229134"
"1"," "
"1","0.04610938"
"1"," "
"1","
"
"1","
 Objective Function Value:  "
"1"," "
"1","-6861.88"
"1","
 Parameter Estimates:       "
"1"," "
"1","0.7404017"
"1"," "
"1","-0.04426022"
"1"," "
"1","0.7229061"
"1"," "
"1","0.04610938"
"1"," "
"1","
"
"1","
 Objective Function Value:  "
"1"," "
"1","-6861.88"
"1","
 Parameter Estimates:       "
"1"," "
"1","0.7404017"
"1"," "
"1","-0.04426022"
"1"," "
"1","0.7229134"
"1"," "
"1","0.04611021"
"1"," "
"1","
"
"1","
 Objective Function Value:  "
"1"," "
"1","-6861.89"
"1","
 Parameter Estimates:       "
"1"," "
"1","0.7289932"
"1"," "
"1","-0.03353167"
"1"," "
"1","0.7131115"
"1"," "
"1","0.04229784"
"1"," "
"1","
"
"1","
 Objective Function Value:  "
"1"," "
"1","-6861.841"
"1","
 Parameter Estimates:       "
"1"," "
"1","0.7357179"
"1"," "
"1","-0.03908655"
"1"," "
"1","0.7172362"
"1"," "
"1","0.04563202"
"1"," "
"1","
"
"1","
 Objective Function Value:  "
"1"," "
"1","-6861.841"
"1","
 Parameter Estimates:       "
"1"," "
"1","0.7357211"
"1"," "
"1","-0.03908655"
"1"," "
"1","0.7172362"
"1"," "
"1","0.04563202"
"1"," "
"1","
"
"1","
 Objective Function Value:  "
"1"," "
"1","-6861.841"
"1","
 Parameter Estimates:       "
"1"," "
"1","0.7357179"
"1"," "
"1","-0.03908801"
"1"," "
"1","0.7172362"
"1"," "
"1","0.04563202"
"1"," "
"1","
"
"1","
 Objective Function Value:  "
"1"," "
"1","-6861.841"
"1","
 Parameter Estimates:       "
"1"," "
"1","0.7357179"
"1"," "
"1","-0.03908655"
"1"," "
"1","0.7172393"
"1"," "
"1","0.04563202"
"1"," "
"1","
"
"1","
 Objective Function Value:  "
"1"," "
"1","-6861.841"
"1","
 Parameter Estimates:       "
"1"," "
"1","0.7357179"
"1"," "
"1","-0.03908655"
"1"," "
"1","0.7172362"
"1"," "
"1","0.04563093"
"1"," "
"1","
"
"1","
 Objective Function Value:  "
"1"," "
"1","-6861.845"
"1","
 Parameter Estimates:       "
"1"," "
"1","0.7301851"
"1"," "
"1","-0.04412362"
"1"," "
"1","0.7125058"
"1"," "
"1","0.04395759"
"1"," "
"1","
"
"1","
 Objective Function Value:  "
"1"," "
"1","-6861.828"
"1","
 Parameter Estimates:       "
"1"," "
"1","0.7336242"
"1"," "
"1","-0.04220497"
"1"," "
"1","0.716264"
"1"," "
"1","0.04358473"
"1"," "
"1","
"
"1","
 Objective Function Value:  "
"1"," "
"1","-6861.828"
"1","
 Parameter Estimates:       "
"1"," "
"1","0.7336299"
"1"," "
"1","-0.04220497"
"1"," "
"1","0.716264"
"1"," "
"1","0.04358473"
"1"," "
"1","
"
"1","
 Objective Function Value:  "
"1"," "
"1","-6861.828"
"1","
 Parameter Estimates:       "
"1"," "
"1","0.7336242"
"1"," "
"1","-0.0422036"
"1"," "
"1","0.716264"
"1"," "
"1","0.04358473"
"1"," "
"1","
"
"1","
 Objective Function Value:  "
"1"," "
"1","-6861.828"
"1","
 Parameter Estimates:       "
"1"," "
"1","0.7336242"
"1"," "
"1","-0.04220497"
"1"," "
"1","0.7162654"
"1"," "
"1","0.04358473"
"1"," "
"1","
"
"1","
 Objective Function Value:  "
"1"," "
"1","-6861.828"
"1","
 Parameter Estimates:       "
"1"," "
"1","0.7336242"
"1"," "
"1","-0.04220497"
"1"," "
"1","0.7162625"
"1"," "
"1","0.04358473"
"1"," "
"1","
"
"1","
 Objective Function Value:  "
"1"," "
"1","-6861.828"
"1","
 Parameter Estimates:       "
"1"," "
"1","0.7336242"
"1"," "
"1","-0.04220497"
"1"," "
"1","0.716264"
"1"," "
"1","0.04358617"
"1"," "
"1","
"
"1","
 Objective Function Value:  "
"1"," "
"1","-6861.796"
"1","
 Parameter Estimates:       "
"1"," "
"1","0.7315141"
"1"," "
"1","-0.04344254"
"1"," "
"1","0.7157036"
"1"," "
"1","0.04718288"
"1"," "
"1","
"
"1","
 Objective Function Value:  "
"1"," "
"1","-6861.796"
"1","
 Parameter Estimates:       "
"1"," "
"1","0.7315259"
"1"," "
"1","-0.04344254"
"1"," "
"1","0.7157036"
"1"," "
"1","0.04718288"
"1"," "
"1","
"
"1","
 Objective Function Value:  "
"1"," "
"1","-6861.796"
"1","
 Parameter Estimates:       "
"1"," "
"1","0.7315141"
"1"," "
"1","-0.04344369"
"1"," "
"1","0.7157036"
"1"," "
"1","0.04718288"
"1"," "
"1","
"
"1","
 Objective Function Value:  "
"1"," "
"1","-6861.796"
"1","
 Parameter Estimates:       "
"1"," "
"1","0.7315141"
"1"," "
"1","-0.04344254"
"1"," "
"1","0.7157642"
"1"," "
"1","0.04718288"
"1"," "
"1","
"
"1","
 Objective Function Value:  "
"1"," "
"1","-6861.796"
"1","
 Parameter Estimates:       "
"1"," "
"1","0.7315141"
"1"," "
"1","-0.04344254"
"1"," "
"1","0.7156431"
"1"," "
"1","0.04718288"
"1"," "
"1","
"
"1","
 Objective Function Value:  "
"1"," "
"1","-6861.796"
"1","
 Parameter Estimates:       "
"1"," "
"1","0.7315141"
"1"," "
"1","-0.04344254"
"1"," "
"1","0.7157036"
"1"," "
"1","0.047182"
"1"," "
"1","
"
"1","
 Objective Function Value:  "
"1"," "
"1","-6861.793"
"1","
 Parameter Estimates:       "
"1"," "
"1","0.7281981"
"1"," "
"1","-0.0413528"
"1"," "
"1","0.715403"
"1"," "
"1","0.04523574"
"1"," "
"1","
"
"1","
 Objective Function Value:  "
"1"," "
"1","-6861.793"
"1","
 Parameter Estimates:       "
"1"," "
"1","0.728208"
"1"," "
"1","-0.0413528"
"1"," "
"1","0.715403"
"1"," "
"1","0.04523574"
"1"," "
"1","
"
"1","
 Objective Function Value:  "
"1"," "
"1","-6861.793"
"1","
 Parameter Estimates:       "
"1"," "
"1","0.7281981"
"1"," "
"1","-0.04135174"
"1"," "
"1","0.715403"
"1"," "
"1","0.04523574"
"1"," "
"1","
"
"1","
 Objective Function Value:  "
"1"," "
"1","-6861.793"
"1","
 Parameter Estimates:       "
"1"," "
"1","0.7281981"
"1"," "
"1","-0.04135385"
"1"," "
"1","0.715403"
"1"," "
"1","0.04523574"
"1"," "
"1","
"
"1","
 Objective Function Value:  "
"1"," "
"1","-6861.793"
"1","
 Parameter Estimates:       "
"1"," "
"1","0.7281981"
"1"," "
"1","-0.0413528"
"1"," "
"1","0.7154126"
"1"," "
"1","0.04523574"
"1"," "
"1","
"
"1","
 Objective Function Value:  "
"1"," "
"1","-6861.793"
"1","
 Parameter Estimates:       "
"1"," "
"1","0.7281981"
"1"," "
"1","-0.0413528"
"1"," "
"1","0.715403"
"1"," "
"1","0.04523659"
"1"," "
"1","
"
"1","
 Objective Function Value:  "
"1"," "
"1","-6861.799"
"1","
 Parameter Estimates:       "
"1"," "
"1","0.7276714"
"1"," "
"1","-0.04218231"
"1"," "
"1","0.71117"
"1"," "
"1","0.04583687"
"1"," "
"1","
"
"1","
 Objective Function Value:  "
"1"," "
"1","-6861.788"
"1","
 Parameter Estimates:       "
"1"," "
"1","0.728549"
"1"," "
"1","-0.0416411"
"1"," "
"1","0.7137549"
"1"," "
"1","0.0457603"
"1"," "
"1","
"
"1","
 Objective Function Value:  "
"1"," "
"1","-6861.788"
"1","
 Parameter Estimates:       "
"1"," "
"1","0.7285459"
"1"," "
"1","-0.0416411"
"1"," "
"1","0.7137549"
"1"," "
"1","0.0457603"
"1"," "
"1","
"
"1","
 Objective Function Value:  "
"1"," "
"1","-6861.788"
"1","
 Parameter Estimates:       "
"1"," "
"1","0.728549"
"1"," "
"1","-0.04162992"
"1"," "
"1","0.7137549"
"1"," "
"1","0.0457603"
"1"," "
"1","
"
"1","
 Objective Function Value:  "
"1"," "
"1","-6861.788"
"1","
 Parameter Estimates:       "
"1"," "
"1","0.728549"
"1"," "
"1","-0.0416411"
"1"," "
"1","0.7137574"
"1"," "
"1","0.0457603"
"1"," "
"1","
"
"1","
 Objective Function Value:  "
"1"," "
"1","-6861.788"
"1","
 Parameter Estimates:       "
"1"," "
"1","0.728549"
"1"," "
"1","-0.0416411"
"1"," "
"1","0.7137549"
"1"," "
"1","0.04575867"
"1"," "
"1","
"
"1","
 Objective Function Value:  "
"1"," "
"1","-6861.791"
"1","
 Parameter Estimates:       "
"1"," "
"1","0.7274557"
"1"," "
"1","-0.04298799"
"1"," "
"1","0.7139022"
"1"," "
"1","0.04535223"
"1"," "
"1","
"
"1","
 Objective Function Value:  "
"1"," "
"1","-6861.787"
"1","
 Parameter Estimates:       "
"1"," "
"1","0.7281968"
"1"," "
"1","-0.04209408"
"1"," "
"1","0.7139681"
"1"," "
"1","0.04552452"
"1"," "
"1","
"
"1","
 Objective Function Value:  "
"1"," "
"1","-6861.787"
"1","
 Parameter Estimates:       "
"1"," "
"1","0.7281994"
"1"," "
"1","-0.04209408"
"1"," "
"1","0.7139681"
"1"," "
"1","0.04552452"
"1"," "
"1","
"
"1","
 Objective Function Value:  "
"1"," "
"1","-6861.787"
"1","
 Parameter Estimates:       "
"1"," "
"1","0.7281968"
"1"," "
"1","-0.04208933"
"1"," "
"1","0.7139681"
"1"," "
"1","0.04552452"
"1"," "
"1","
"
"1","
 Objective Function Value:  "
"1"," "
"1","-6861.787"
"1","
 Parameter Estimates:       "
"1"," "
"1","0.7281968"
"1"," "
"1","-0.04209408"
"1"," "
"1","0.7139692"
"1"," "
"1","0.04552452"
"1"," "
"1","
"
"1","
 Objective Function Value:  "
"1"," "
"1","-6861.787"
"1","
 Parameter Estimates:       "
"1"," "
"1","0.7281968"
"1"," "
"1","-0.04209408"
"1"," "
"1","0.713967"
"1"," "
"1","0.04552452"
"1"," "
"1","
"
"1","
 Objective Function Value:  "
"1"," "
"1","-6861.787"
"1","
 Parameter Estimates:       "
"1"," "
"1","0.7281968"
"1"," "
"1","-0.04209408"
"1"," "
"1","0.7139681"
"1"," "
"1","0.04552705"
"1"," "
"1","
"
"1","
 Objective Function Value:  "
"1"," "
"1","-6861.786"
"1","
 Parameter Estimates:       "
"1"," "
"1","0.7278598"
"1"," "
"1","-0.04207663"
"1"," "
"1","0.7138246"
"1"," "
"1","0.04606839"
"1"," "
"1","
"
"1","
 Objective Function Value:  "
"1"," "
"1","-6861.786"
"1","
 Parameter Estimates:       "
"1"," "
"1","0.7278638"
"1"," "
"1","-0.04207663"
"1"," "
"1","0.7138246"
"1"," "
"1","0.04606839"
"1"," "
"1","
"
"1","
 Objective Function Value:  "
"1"," "
"1","-6861.786"
"1","
 Parameter Estimates:       "
"1"," "
"1","0.7278598"
"1"," "
"1","-0.04207461"
"1"," "
"1","0.7138246"
"1"," "
"1","0.04606839"
"1"," "
"1","
"
"1","
 Objective Function Value:  "
"1"," "
"1","-6861.786"
"1","
 Parameter Estimates:       "
"1"," "
"1","0.7278598"
"1"," "
"1","-0.04207866"
"1"," "
"1","0.7138246"
"1"," "
"1","0.04606839"
"1"," "
"1","
"
"1","
 Objective Function Value:  "
"1"," "
"1","-6861.786"
"1","
 Parameter Estimates:       "
"1"," "
"1","0.7278598"
"1"," "
"1","-0.04207663"
"1"," "
"1","0.7138287"
"1"," "
"1","0.04606839"
"1"," "
"1","
"
"1","
 Objective Function Value:  "
"1"," "
"1","-6861.786"
"1","
 Parameter Estimates:       "
"1"," "
"1","0.7278598"
"1"," "
"1","-0.04207663"
"1"," "
"1","0.7138205"
"1"," "
"1","0.04606839"
"1"," "
"1","
"
"1","
 Objective Function Value:  "
"1"," "
"1","-6861.786"
"1","
 Parameter Estimates:       "
"1"," "
"1","0.7278598"
"1"," "
"1","-0.04207663"
"1"," "
"1","0.7138246"
"1"," "
"1","0.04606739"
"1"," "
"1","
"
"1","
 Objective Function Value:  "
"1"," "
"1","-6861.785"
"1","
 Parameter Estimates:       "
"1"," "
"1","0.7274266"
"1"," "
"1","-0.0424311"
"1"," "
"1","0.7135158"
"1"," "
"1","0.0459212"
"1"," "
"1","
"
"1","
 Objective Function Value:  "
"1"," "
"1","-6861.785"
"1","
 Parameter Estimates:       "
"1"," "
"1","0.7274348"
"1"," "
"1","-0.0424311"
"1"," "
"1","0.7135158"
"1"," "
"1","0.0459212"
"1"," "
"1","
"
"1","
 Objective Function Value:  "
"1"," "
"1","-6861.785"
"1","
 Parameter Estimates:       "
"1"," "
"1","0.7274266"
"1"," "
"1","-0.04242966"
"1"," "
"1","0.7135158"
"1"," "
"1","0.0459212"
"1"," "
"1","
"
"1","
 Objective Function Value:  "
"1"," "
"1","-6861.785"
"1","
 Parameter Estimates:       "
"1"," "
"1","0.7274266"
"1"," "
"1","-0.0424311"
"1"," "
"1","0.7135206"
"1"," "
"1","0.0459212"
"1"," "
"1","
"
"1","
 Objective Function Value:  "
"1"," "
"1","-6861.785"
"1","
 Parameter Estimates:       "
"1"," "
"1","0.7274266"
"1"," "
"1","-0.0424311"
"1"," "
"1","0.713511"
"1"," "
"1","0.0459212"
"1"," "
"1","
"
"1","
 Objective Function Value:  "
"1"," "
"1","-6861.785"
"1","
 Parameter Estimates:       "
"1"," "
"1","0.7274266"
"1"," "
"1","-0.0424311"
"1"," "
"1","0.7135158"
"1"," "
"1","0.04592193"
"1"," "
"1","
"
"1","
 Objective Function Value:  "
"1"," "
"1","-6861.785"
"1","
 Parameter Estimates:       "
"1"," "
"1","0.7274266"
"1"," "
"1","-0.0424311"
"1"," "
"1","0.7135158"
"1"," "
"1","0.04592046"
"1"," "
"1","
"
"1","
 Objective Function Value:  "
"1"," "
"1","-6861.785"
"1","
 Parameter Estimates:       "
"1"," "
"1","0.7268618"
"1"," "
"1","-0.04228015"
"1"," "
"1","0.71326"
"1"," "
"1","0.04607286"
"1"," "
"1","
"
"1","
 Objective Function Value:  "
"1"," "
"1","-6861.785"
"1","
 Parameter Estimates:       "
"1"," "
"1","0.7268694"
"1"," "
"1","-0.04228015"
"1"," "
"1","0.71326"
"1"," "
"1","0.04607286"
"1"," "
"1","
"
"1","
 Objective Function Value:  "
"1"," "
"1","-6861.785"
"1","
 Parameter Estimates:       "
"1"," "
"1","0.7268618"
"1"," "
"1","-0.04227721"
"1"," "
"1","0.71326"
"1"," "
"1","0.04607286"
"1"," "
"1","
"
"1","
 Objective Function Value:  "
"1"," "
"1","-6861.785"
"1","
 Parameter Estimates:       "
"1"," "
"1","0.7268618"
"1"," "
"1","-0.04228309"
"1"," "
"1","0.71326"
"1"," "
"1","0.04607286"
"1"," "
"1","
"
"1","
 Objective Function Value:  "
"1"," "
"1","-6861.785"
"1","
 Parameter Estimates:       "
"1"," "
"1","0.7268618"
"1"," "
"1","-0.04228015"
"1"," "
"1","0.7132892"
"1"," "
"1","0.04607286"
"1"," "
"1","
"
"1","
 Objective Function Value:  "
"1"," "
"1","-6861.785"
"1","
 Parameter Estimates:       "
"1"," "
"1","0.7268618"
"1"," "
"1","-0.04228015"
"1"," "
"1","0.7132308"
"1"," "
"1","0.04607286"
"1"," "
"1","
"
"1","
 Objective Function Value:  "
"1"," "
"1","-6861.785"
"1","
 Parameter Estimates:       "
"1"," "
"1","0.7268618"
"1"," "
"1","-0.04228015"
"1"," "
"1","0.71326"
"1"," "
"1","0.04607417"
"1"," "
"1","
"
"1","
 Objective Function Value:  "
"1"," "
"1","-6861.785"
"1","
 Parameter Estimates:       "
"1"," "
"1","0.7268618"
"1"," "
"1","-0.04228015"
"1"," "
"1","0.71326"
"1"," "
"1","0.04607155"
"1"," "
"1","
"
"1","
 Objective Function Value:  "
"1"," "
"1","-6861.785"
"1","
 Parameter Estimates:       "
"1"," "
"1","0.7262893"
"1"," "
"1","-0.04221085"
"1"," "
"1","0.7131282"
"1"," "
"1","0.04578935"
"1"," "
"1","
"
"1","
 Objective Function Value:  "
"1"," "
"1","-6861.785"
"1","
 Parameter Estimates:       "
"1"," "
"1","0.7262947"
"1"," "
"1","-0.04221085"
"1"," "
"1","0.7131282"
"1"," "
"1","0.04578935"
"1"," "
"1","
"
"1","
 Objective Function Value:  "
"1"," "
"1","-6861.785"
"1","
 Parameter Estimates:       "
"1"," "
"1","0.7262893"
"1"," "
"1","-0.04220928"
"1"," "
"1","0.7131282"
"1"," "
"1","0.04578935"
"1"," "
"1","
"
"1","
 Objective Function Value:  "
"1"," "
"1","-6861.785"
"1","
 Parameter Estimates:       "
"1"," "
"1","0.7262893"
"1"," "
"1","-0.04221241"
"1"," "
"1","0.7131282"
"1"," "
"1","0.04578935"
"1"," "
"1","
"
"1","
 Objective Function Value:  "
"1"," "
"1","-6861.785"
"1","
 Parameter Estimates:       "
"1"," "
"1","0.7262893"
"1"," "
"1","-0.04221085"
"1"," "
"1","0.7131401"
"1"," "
"1","0.04578935"
"1"," "
"1","
"
"1","
 Objective Function Value:  "
"1"," "
"1","-6861.785"
"1","
 Parameter Estimates:       "
"1"," "
"1","0.7262893"
"1"," "
"1","-0.04221085"
"1"," "
"1","0.7131163"
"1"," "
"1","0.04578935"
"1"," "
"1","
"
"1","
 Objective Function Value:  "
"1"," "
"1","-6861.785"
"1","
 Parameter Estimates:       "
"1"," "
"1","0.7262893"
"1"," "
"1","-0.04221085"
"1"," "
"1","0.7131282"
"1"," "
"1","0.04579084"
"1"," "
"1","
"
"1","
 Objective Function Value:  "
"1"," "
"1","-6861.785"
"1","
 Parameter Estimates:       "
"1"," "
"1","0.7262893"
"1"," "
"1","-0.04221085"
"1"," "
"1","0.7131282"
"1"," "
"1","0.04578787"
"1"," "
"1","
"
"1","
 Objective Function Value:  "
"1"," "
"1","-6861.785"
"1","
 Parameter Estimates:       "
"1"," "
"1","0.7261206"
"1"," "
"1","-0.04264004"
"1"," "
"1","0.712786"
"1"," "
"1","0.04610649"
"1"," "
"1","
"
"1","
 Objective Function Value:  "
"1"," "
"1","-6861.785"
"1","
 Parameter Estimates:       "
"1"," "
"1","0.7261486"
"1"," "
"1","-0.04264004"
"1"," "
"1","0.712786"
"1"," "
"1","0.04610649"
"1"," "
"1","
"
"1","
 Objective Function Value:  "
"1"," "
"1","-6861.785"
"1","
 Parameter Estimates:       "
"1"," "
"1","0.7260925"
"1"," "
"1","-0.04264004"
"1"," "
"1","0.712786"
"1"," "
"1","0.04610649"
"1"," "
"1","
"
"1","
 Objective Function Value:  "
"1"," "
"1","-6861.785"
"1","
 Parameter Estimates:       "
"1"," "
"1","0.7261206"
"1"," "
"1","-0.04263491"
"1"," "
"1","0.712786"
"1"," "
"1","0.04610649"
"1"," "
"1","
"
"1","
 Objective Function Value:  "
"1"," "
"1","-6861.785"
"1","
 Parameter Estimates:       "
"1"," "
"1","0.7261206"
"1"," "
"1","-0.04264517"
"1"," "
"1","0.712786"
"1"," "
"1","0.04610649"
"1"," "
"1","
"
"1","
 Objective Function Value:  "
"1"," "
"1","-6861.785"
"1","
 Parameter Estimates:       "
"1"," "
"1","0.7261206"
"1"," "
"1","-0.04264004"
"1"," "
"1","0.7127895"
"1"," "
"1","0.04610649"
"1"," "
"1","
"
"1","
 Objective Function Value:  "
"1"," "
"1","-6861.785"
"1","
 Parameter Estimates:       "
"1"," "
"1","0.7261206"
"1"," "
"1","-0.04264004"
"1"," "
"1","0.7127826"
"1"," "
"1","0.04610649"
"1"," "
"1","
"
"1","
 Objective Function Value:  "
"1"," "
"1","-6861.785"
"1","
 Parameter Estimates:       "
"1"," "
"1","0.7261206"
"1"," "
"1","-0.04264004"
"1"," "
"1","0.712786"
"1"," "
"1","0.04610767"
"1"," "
"1","
"
"1","
 Objective Function Value:  "
"1"," "
"1","-6861.785"
"1","
 Parameter Estimates:       "
"1"," "
"1","0.7261206"
"1"," "
"1","-0.04264004"
"1"," "
"1","0.712786"
"1"," "
"1","0.04610531"
"1"," "
"1","
"
"1","
 Objective Function Value:  "
"1"," "
"1","-6861.786"
"1","
 Parameter Estimates:       "
"1"," "
"1","0.7259233"
"1"," "
"1","-0.0422129"
"1"," "
"1","0.7131297"
"1"," "
"1","0.04640787"
"1"," "
"1","
"
"1","
 Objective Function Value:  "
"1"," "
"1","-6861.785"
"1","
 Parameter Estimates:       "
"1"," "
"1","0.726079"
"1"," "
"1","-0.0425499"
"1"," "
"1","0.7128586"
"1"," "
"1","0.04617009"
"1"," "
"1","
"
"1","
 Objective Function Value:  "
"1"," "
"1","-6861.785"
"1","
 Parameter Estimates:       "
"1"," "
"1","0.7260831"
"1"," "
"1","-0.0425499"
"1"," "
"1","0.7128586"
"1"," "
"1","0.04617009"
"1"," "
"1","
"
"1","
 Objective Function Value:  "
"1"," "
"1","-6861.785"
"1","
 Parameter Estimates:       "
"1"," "
"1","0.7260748"
"1"," "
"1","-0.0425499"
"1"," "
"1","0.7128586"
"1"," "
"1","0.04617009"
"1"," "
"1","
"
"1","
 Objective Function Value:  "
"1"," "
"1","-6861.785"
"1","
 Parameter Estimates:       "
"1"," "
"1","0.726079"
"1"," "
"1","-0.04254799"
"1"," "
"1","0.7128586"
"1"," "
"1","0.04617009"
"1"," "
"1","
"
"1","
 Objective Function Value:  "
"1"," "
"1","-6861.785"
"1","
 Parameter Estimates:       "
"1"," "
"1","0.726079"
"1"," "
"1","-0.04255181"
"1"," "
"1","0.7128586"
"1"," "
"1","0.04617009"
"1"," "
"1","
"
"1","
 Objective Function Value:  "
"1"," "
"1","-6861.785"
"1","
 Parameter Estimates:       "
"1"," "
"1","0.726079"
"1"," "
"1","-0.0425499"
"1"," "
"1","0.7128609"
"1"," "
"1","0.04617009"
"1"," "
"1","
"
"1","
 Objective Function Value:  "
"1"," "
"1","-6861.785"
"1","
 Parameter Estimates:       "
"1"," "
"1","0.726079"
"1"," "
"1","-0.0425499"
"1"," "
"1","0.7128562"
"1"," "
"1","0.04617009"
"1"," "
"1","
"
"1","
 Objective Function Value:  "
"1"," "
"1","-6861.785"
"1","
 Parameter Estimates:       "
"1"," "
"1","0.726079"
"1"," "
"1","-0.0425499"
"1"," "
"1","0.7128586"
"1"," "
"1","0.04617279"
"1"," "
"1","
"
"1","
 Objective Function Value:  "
"1"," "
"1","-6861.785"
"1","
 Parameter Estimates:       "
"1"," "
"1","0.726079"
"1"," "
"1","-0.0425499"
"1"," "
"1","0.7128586"
"1"," "
"1","0.04616739"
"1"," "
"1","
"
"1","
 Objective Function Value:  "
"1"," "
"1","-6861.785"
"1","
 Parameter Estimates:       "
"1"," "
"1","0.7260185"
"1"," "
"1","-0.04249727"
"1"," "
"1","0.7128743"
"1"," "
"1","0.04605833"
"1"," "
"1","
"
"1","
 Objective Function Value:  "
"1"," "
"1","-6861.785"
"1","
 Parameter Estimates:       "
"1"," "
"1","0.7260262"
"1"," "
"1","-0.04249727"
"1"," "
"1","0.7128743"
"1"," "
"1","0.04605833"
"1"," "
"1","
"
"1","
 Objective Function Value:  "
"1"," "
"1","-6861.785"
"1","
 Parameter Estimates:       "
"1"," "
"1","0.7260109"
"1"," "
"1","-0.04249727"
"1"," "
"1","0.7128743"
"1"," "
"1","0.04605833"
"1"," "
"1","
"
"1","
 Objective Function Value:  "
"1"," "
"1","-6861.785"
"1","
 Parameter Estimates:       "
"1"," "
"1","0.7260185"
"1"," "
"1","-0.04247526"
"1"," "
"1","0.7128743"
"1"," "
"1","0.04605833"
"1"," "
"1","
"
"1","
 Objective Function Value:  "
"1"," "
"1","-6861.785"
"1","
 Parameter Estimates:       "
"1"," "
"1","0.7260185"
"1"," "
"1","-0.04251927"
"1"," "
"1","0.7128743"
"1"," "
"1","0.04605833"
"1"," "
"1","
"
"1","
 Objective Function Value:  "
"1"," "
"1","-6861.785"
"1","
 Parameter Estimates:       "
"1"," "
"1","0.7260185"
"1"," "
"1","-0.04249727"
"1"," "
"1","0.7128797"
"1"," "
"1","0.04605833"
"1"," "
"1","
"
"1","
 Objective Function Value:  "
"1"," "
"1","-6861.785"
"1","
 Parameter Estimates:       "
"1"," "
"1","0.7260185"
"1"," "
"1","-0.04249727"
"1"," "
"1","0.7128689"
"1"," "
"1","0.04605833"
"1"," "
"1","
"
"1","
 Objective Function Value:  "
"1"," "
"1","-6861.785"
"1","
 Parameter Estimates:       "
"1"," "
"1","0.7260185"
"1"," "
"1","-0.04249727"
"1"," "
"1","0.7128743"
"1"," "
"1","0.04606137"
"1"," "
"1","
"
"1","
 Objective Function Value:  "
"1"," "
"1","-6861.785"
"1","
 Parameter Estimates:       "
"1"," "
"1","0.7260185"
"1"," "
"1","-0.04249727"
"1"," "
"1","0.7128743"
"1"," "
"1","0.04605528"
"1"," "
"1","
"
"1","
 Objective Function Value:  "
"1"," "
"1","-6861.785"
"1","
 Parameter Estimates:       "
"1"," "
"1","0.7259201"
"1"," "
"1","-0.04229318"
"1"," "
"1","0.7127403"
"1"," "
"1","0.04597261"
"1"," "
"1","
"
"1","
 Objective Function Value:  "
"1"," "
"1","-6861.785"
"1","
 Parameter Estimates:       "
"1"," "
"1","0.7259877"
"1"," "
"1","-0.04241857"
"1"," "
"1","0.7128466"
"1"," "
"1","0.04605722"
"1"," "
"1","
"
"1","
 Objective Function Value:  "
"1"," "
"1","-6861.785"
"1","
 Parameter Estimates:       "
"1"," "
"1","0.7260053"
"1"," "
"1","-0.04241857"
"1"," "
"1","0.7128466"
"1"," "
"1","0.04605722"
"1"," "
"1","
"
"1","
 Objective Function Value:  "
"1"," "
"1","-6861.785"
"1","
 Parameter Estimates:       "
"1"," "
"1","0.7259702"
"1"," "
"1","-0.04241857"
"1"," "
"1","0.7128466"
"1"," "
"1","0.04605722"
"1"," "
"1","
"
"1","
 Objective Function Value:  "
"1"," "
"1","-6861.785"
"1","
 Parameter Estimates:       "
"1"," "
"1","0.7259877"
"1"," "
"1","-0.0424145"
"1"," "
"1","0.7128466"
"1"," "
"1","0.04605722"
"1"," "
"1","
"
"1","
 Objective Function Value:  "
"1"," "
"1","-6861.785"
"1","
 Parameter Estimates:       "
"1"," "
"1","0.7259877"
"1"," "
"1","-0.04242264"
"1"," "
"1","0.7128466"
"1"," "
"1","0.04605722"
"1"," "
"1","
"
"1","
 Objective Function Value:  "
"1"," "
"1","-6861.785"
"1","
 Parameter Estimates:       "
"1"," "
"1","0.7259877"
"1"," "
"1","-0.04241857"
"1"," "
"1","0.7128611"
"1"," "
"1","0.04605722"
"1"," "
"1","
"
"1","
 Objective Function Value:  "
"1"," "
"1","-6861.785"
"1","
 Parameter Estimates:       "
"1"," "
"1","0.7259877"
"1"," "
"1","-0.04241857"
"1"," "
"1","0.712832"
"1"," "
"1","0.04605722"
"1"," "
"1","
"
"1","
 Objective Function Value:  "
"1"," "
"1","-6861.785"
"1","
 Parameter Estimates:       "
"1"," "
"1","0.7259877"
"1"," "
"1","-0.04241857"
"1"," "
"1","0.7128466"
"1"," "
"1","0.04606218"
"1"," "
"1","
"
"1","
 Objective Function Value:  "
"1"," "
"1","-6861.785"
"1","
 Parameter Estimates:       "
"1"," "
"1","0.7259877"
"1"," "
"1","-0.04241857"
"1"," "
"1","0.7128466"
"1"," "
"1","0.04605226"
"1"," "
"1","
"
"1","
 Objective Function Value:  "
"1"," "
"1","-6861.785"
"1","
 Parameter Estimates:       "
"1"," "
"1","0.7259624"
"1"," "
"1","-0.04245377"
"1"," "
"1","0.7129111"
"1"," "
"1","0.04610041"
"1"," "
"1","
"
"1","
 Objective Function Value:  "
"1"," "
"1","-6861.785"
"1","
 Parameter Estimates:       "
"1"," "
"1","0.7259757"
"1"," "
"1","-0.04242227"
"1"," "
"1","0.7128653"
"1"," "
"1","0.04604429"
"1"," "
"1","
"
"1","
 Objective Function Value:  "
"1"," "
"1","-6861.785"
"1","
 Parameter Estimates:       "
"1"," "
"1","0.7259887"
"1"," "
"1","-0.04242227"
"1"," "
"1","0.7128653"
"1"," "
"1","0.04604429"
"1"," "
"1","
"
"1","
 Objective Function Value:  "
"1"," "
"1","-6861.785"
"1","
 Parameter Estimates:       "
"1"," "
"1","0.7259627"
"1"," "
"1","-0.04242227"
"1"," "
"1","0.7128653"
"1"," "
"1","0.04604429"
"1"," "
"1","
"
"1","
 Objective Function Value:  "
"1"," "
"1","-6861.785"
"1","
 Parameter Estimates:       "
"1"," "
"1","0.7259757"
"1"," "
"1","-0.04240358"
"1"," "
"1","0.7128653"
"1"," "
"1","0.04604429"
"1"," "
"1","
"
"1","
 Objective Function Value:  "
"1"," "
"1","-6861.785"
"1","
 Parameter Estimates:       "
"1"," "
"1","0.7259757"
"1"," "
"1","-0.04244096"
"1"," "
"1","0.7128653"
"1"," "
"1","0.04604429"
"1"," "
"1","
"
"1","
 Objective Function Value:  "
"1"," "
"1","-6861.785"
"1","
 Parameter Estimates:       "
"1"," "
"1","0.7259757"
"1"," "
"1","-0.04242227"
"1"," "
"1","0.7128736"
"1"," "
"1","0.04604429"
"1"," "
"1","
"
"1","
 Objective Function Value:  "
"1"," "
"1","-6861.785"
"1","
 Parameter Estimates:       "
"1"," "
"1","0.7259757"
"1"," "
"1","-0.04242227"
"1"," "
"1","0.7128569"
"1"," "
"1","0.04604429"
"1"," "
"1","
"
"1","
 Objective Function Value:  "
"1"," "
"1","-6861.785"
"1","
 Parameter Estimates:       "
"1"," "
"1","0.7259757"
"1"," "
"1","-0.04242227"
"1"," "
"1","0.7128653"
"1"," "
"1","0.04605435"
"1"," "
"1","
"
"1","
 Objective Function Value:  "
"1"," "
"1","-6861.785"
"1","
 Parameter Estimates:       "
"1"," "
"1","0.7259757"
"1"," "
"1","-0.04242227"
"1"," "
"1","0.7128653"
"1"," "
"1","0.04603423"
"1"," "
"1","
"
"1","
 Objective Function Value:  "
"1"," "
"1","-6861.785"
"1","
 Parameter Estimates:       "
"1"," "
"1","0.7259278"
"1"," "
"1","-0.04241988"
"1"," "
"1","0.7128752"
"1"," "
"1","0.04606152"
"1"," "
"1","
"
"1","
 Objective Function Value:  "
"1"," "
"1","-6861.785"
"1","
 Parameter Estimates:       "
"1"," "
"1","0.7259643"
"1"," "
"1","-0.04240909"
"1"," "
"1","0.7128789"
"1"," "
"1","0.0460494"
"1"," "
"1","
"
"1","
 Objective Function Value:  "
"1"," "
"1","-6861.785"
"1","
 Parameter Estimates:       "
"1"," "
"1","0.7259873"
"1"," "
"1","-0.04240909"
"1"," "
"1","0.7128789"
"1"," "
"1","0.0460494"
"1"," "
"1","
"
"1","
 Objective Function Value:  "
"1"," "
"1","-6861.785"
"1","
 Parameter Estimates:       "
"1"," "
"1","0.7259413"
"1"," "
"1","-0.04240909"
"1"," "
"1","0.7128789"
"1"," "
"1","0.0460494"
"1"," "
"1","
"
"1","
 Objective Function Value:  "
"1"," "
"1","-6861.785"
"1","
 Parameter Estimates:       "
"1"," "
"1","0.7259643"
"1"," "
"1","-0.04239375"
"1"," "
"1","0.7128789"
"1"," "
"1","0.0460494"
"1"," "
"1","
"
"1","
 Objective Function Value:  "
"1"," "
"1","-6861.785"
"1","
 Parameter Estimates:       "
"1"," "
"1","0.7259643"
"1"," "
"1","-0.04242443"
"1"," "
"1","0.7128789"
"1"," "
"1","0.0460494"
"1"," "
"1","
"
"1","
 Objective Function Value:  "
"1"," "
"1","-6861.785"
"1","
 Parameter Estimates:       "
"1"," "
"1","0.7259643"
"1"," "
"1","-0.04240909"
"1"," "
"1","0.7128959"
"1"," "
"1","0.0460494"
"1"," "
"1","
"
"1","
 Objective Function Value:  "
"1"," "
"1","-6861.785"
"1","
 Parameter Estimates:       "
"1"," "
"1","0.7259643"
"1"," "
"1","-0.04240909"
"1"," "
"1","0.7128618"
"1"," "
"1","0.0460494"
"1"," "
"1","
"
"1","
 Objective Function Value:  "
"1"," "
"1","-6861.785"
"1","
 Parameter Estimates:       "
"1"," "
"1","0.7259643"
"1"," "
"1","-0.04240909"
"1"," "
"1","0.7128789"
"1"," "
"1","0.04606939"
"1"," "
"1","
"
"1","
 Objective Function Value:  "
"1"," "
"1","-6861.785"
"1","
 Parameter Estimates:       "
"1"," "
"1","0.7259643"
"1"," "
"1","-0.04240909"
"1"," "
"1","0.7128789"
"1"," "
"1","0.04602942"
"1"," "
"1","
"
"1","
 Objective Function Value:  "
"1"," "
"1","-6861.785"
"1","
 Parameter Estimates:       "
"1"," "
"1","0.7259525"
"1"," "
"1","-0.04239945"
"1"," "
"1","0.7128718"
"1"," "
"1","0.04603419"
"1"," "
"1","
"
"1","
 Objective Function Value:  "
"1"," "
"1","-6861.785"
"1","
 Parameter Estimates:       "
"1"," "
"1","0.7259908"
"1"," "
"1","-0.04239945"
"1"," "
"1","0.7128718"
"1"," "
"1","0.04603419"
"1"," "
"1","
"
"1","
 Objective Function Value:  "
"1"," "
"1","-6861.785"
"1","
 Parameter Estimates:       "
"1"," "
"1","0.7259142"
"1"," "
"1","-0.04239945"
"1"," "
"1","0.7128718"
"1"," "
"1","0.04603419"
"1"," "
"1","
"
"1","
 Objective Function Value:  "
"1"," "
"1","-6861.785"
"1","
 Parameter Estimates:       "
"1"," "
"1","0.7259525"
"1"," "
"1","-0.04237863"
"1"," "
"1","0.7128718"
"1"," "
"1","0.04603419"
"1"," "
"1","
"
"1","
 Objective Function Value:  "
"1"," "
"1","-6861.785"
"1","
 Parameter Estimates:       "
"1"," "
"1","0.7259525"
"1"," "
"1","-0.04242027"
"1"," "
"1","0.7128718"
"1"," "
"1","0.04603419"
"1"," "
"1","
"
"1","
 Objective Function Value:  "
"1"," "
"1","-6861.785"
"1","
 Parameter Estimates:       "
"1"," "
"1","0.7259525"
"1"," "
"1","-0.04239945"
"1"," "
"1","0.7128957"
"1"," "
"1","0.04603419"
"1"," "
"1","
"
"1","
 Objective Function Value:  "
"1"," "
"1","-6861.785"
"1","
 Parameter Estimates:       "
"1"," "
"1","0.7259525"
"1"," "
"1","-0.04239945"
"1"," "
"1","0.7128478"
"1"," "
"1","0.04603419"
"1"," "
"1","
"
"1","
 Objective Function Value:  "
"1"," "
"1","-6861.785"
"1","
 Parameter Estimates:       "
"1"," "
"1","0.7259525"
"1"," "
"1","-0.04239945"
"1"," "
"1","0.7128718"
"1"," "
"1","0.04604535"
"1"," "
"1","
"
"1","
 Objective Function Value:  "
"1"," "
"1","-6861.785"
"1","
 Parameter Estimates:       "
"1"," "
"1","0.7259525"
"1"," "
"1","-0.04239945"
"1"," "
"1","0.7128718"
"1"," "
"1","0.04602303"
"1"," "
"1","
"
"1","
 Objective Function Value:  "
"1"," "
"1","-6861.785"
"1","
 Parameter Estimates:       "
"1"," "
"1","0.7259334"
"1"," "
"1","-0.04239081"
"1"," "
"1","0.7128631"
"1"," "
"1","0.04603396"
"1"," "
"1","
"
"1","
 Objective Function Value:  "
"1"," "
"1","-6861.785"
"1","
 Parameter Estimates:       "
"1"," "
"1","0.7259732"
"1"," "
"1","-0.04239081"
"1"," "
"1","0.7128631"
"1"," "
"1","0.04603396"
"1"," "
"1","
"
"1","
 Objective Function Value:  "
"1"," "
"1","-6861.785"
"1","
 Parameter Estimates:       "
"1"," "
"1","0.7258937"
"1"," "
"1","-0.04239081"
"1"," "
"1","0.7128631"
"1"," "
"1","0.04603396"
"1"," "
"1","
"
"1","
 Objective Function Value:  "
"1"," "
"1","-6861.785"
"1","
 Parameter Estimates:       "
"1"," "
"1","0.7259334"
"1"," "
"1","-0.04235131"
"1"," "
"1","0.7128631"
"1"," "
"1","0.04603396"
"1"," "
"1","
"
"1","
 Objective Function Value:  "
"1"," "
"1","-6861.785"
"1","
 Parameter Estimates:       "
"1"," "
"1","0.7259334"
"1"," "
"1","-0.04243031"
"1"," "
"1","0.7128631"
"1"," "
"1","0.04603396"
"1"," "
"1","
"
"1","
 Objective Function Value:  "
"1"," "
"1","-6861.785"
"1","
 Parameter Estimates:       "
"1"," "
"1","0.7259334"
"1"," "
"1","-0.04239081"
"1"," "
"1","0.7128887"
"1"," "
"1","0.04603396"
"1"," "
"1","
"
"1","
 Objective Function Value:  "
"1"," "
"1","-6861.785"
"1","
 Parameter Estimates:       "
"1"," "
"1","0.7259334"
"1"," "
"1","-0.04239081"
"1"," "
"1","0.7128374"
"1"," "
"1","0.04603396"
"1"," "
"1","
"
"1","
 Objective Function Value:  "
"1"," "
"1","-6861.785"
"1","
 Parameter Estimates:       "
"1"," "
"1","0.7259334"
"1"," "
"1","-0.04239081"
"1"," "
"1","0.7128631"
"1"," "
"1","0.0460538"
"1"," "
"1","
"
"1","
 Objective Function Value:  "
"1"," "
"1","-6861.785"
"1","
 Parameter Estimates:       "
"1"," "
"1","0.7259334"
"1"," "
"1","-0.04239081"
"1"," "
"1","0.7128631"
"1"," "
"1","0.04601413"
"1"," "
"1","
"
"1","
 Objective Function Value:  "
"1"," "
"1","-6861.785"
"1","
 Parameter Estimates:       "
"1"," "
"1","0.7259334"
"1"," "
"1","-0.04239081"
"1"," "
"1","0.7128631"
"1"," "
"1","0.04603396"
"1"," "
"1","
"
"1","
 Objective Function Value:  "
"1"," "
"1","16596.79"
"1","
 Parameter Estimates:       "
"1"," "
"1","63.0925"
"1"," "
"1","-3.684281"
"1"," "
"1","0.008202102"
"1"," "
"1","0.0005296603"
"1"," "
"1","
"
"2","Warning in sqrt(diag(fit$cvar)) :"
"2"," NaNs produced
"
